,fragment_name,sequence
0,core_0-3,GCGAAGACCAGGAGAGGTCTCTAAAAGGGAAAGCTACTATTCCGGTCTCTAAAAGGAGCGAGACCACGCTACGTCTTCGGCGGCGATGGCAGCCCGGAGGAGAGGTCTCAAAAAATCTTCACTGGCATTCCGGTCTCTGGAGGGAGCGAGACCACGCTCGTTATTTGACATCGCGCATGAAGACGCGGAGAGGTCTCAAAAACTGTCGTCCCGCATTCCGGTCTCTTACTGGAGCGAGACCACGCTTAGTCTTCCTTAGCGATGTATACCCGCAGGAGAGGTCTCGAAAAACACAATATCATATTCCGGTCTCTAATGGGAGCGAGACCACGCTTGTTAAACTACATCGCCA
1,core_4-7,GCGAAGACTCGGAGAGGTCTCAAAAAATGGCTCTATATATTCCGGTCTCTGCTTGGAGCGAGACCACGCTTTGTCTTCGCCGGCGATGACTGACTACAGGAGAGGTCTCGAAAAACTGGGCCCTGAATTCCGGTCTCTCGCTGGAGCGAGACCACGCTCTGTCGCCTACATCGCAAATGAAGACGAGGAGAGGTCTCTAAAATAACTGAACCCCATTCCGGTCTCTATAGGGAGCGAGACCACGCTAAGTCTTCTATAGCGATGCAATATCCCAGGAGAGGTCTCGAAAAGTCTCACATTTGATTCCGGTCTCTATGAAGGAGCGAGACCACGCTTCGGTTATAACATCGCGT
2,core_8-11,GCGAAGACGTGGAGAGGTCTCCAAAACGTACTATCTTAATTCCGGTCTCTAGACGGAGCGAGACCACGCTCCGTCTTCATCGGCGATGTTGCGCCGCAGGAGAGGTCTCCAAAATAAAGGGGTACCATTCCGGTCTCTAGGTGGAGCGAGACCACGCTGGAGCCCCTACATCGCTAATGAAGACCCGGAGAGGTCTCTAAAATGGCATAGTTCTATTCCGGTCTCTACAAGGAGCGAGACCACGCTGAGTCTTCTATAGCGATGACCCTTCCCAGGAGAGGTCTCGAAAAGAAATATAATGAATTCCGGTCTCTACTCGGAGCGAGACCACGCTCATTTTTATACATCGCCG
3,core_12-15,GCGAAGACCAGGAGAGGTCTCTAAAACCACTCTTATCCATTCCGGTCTCTTAACGGAGCGAGACCACGCTAGGTCTTCAGCGGCGATGTCCAGCTCGAGGAGAGGTCTCGAAAATTACTGGGGGGCATTCCGGTCTCTTAGAGGAGCGAGACCACGCTCACAAAAAAACATCGCTGATGAAGACACGGAGAGGTCTCTAAAATGATCCTGTACGATTCCGGTCTCTTTCAGGAGCGAGACCACGCTCTGTCTTCGTTAGCGATGGCGCTAGAAAGGAGAGGTCTCCAAAAGGATAAACCGATATTCCGGTCTCTTGTGGGAGCGAGACCACGCTATGTTATGCACATCGCGG
4,core_16-19,GCGAAGACCAGGAGAGGTCTCTAAAATAGCCAACTGTCATTCCGGTCTCTTCGGGGAGCGAGACCACGCTAAGTCTTCGTCGGCGATGAGATTCGTAAGGAGAGGTCTCTAAAAAAGCCATGGACTATTCCGGTCTCTTCCCGGAGCGAGACCACGCTTCTAGACGTACATCGCGGATGAAGACGAGGAGAGGTCTCGAAAAACGCGGATTTTAATTCCGGTCTCTGACCGGAGCGAGACCACGCTCAGTCTTCATTAGCGATGAAGGCCTAGAGGAGAGGTCTCGAAAAATCTTATGCCGCATTCCGGTCTCTGCCGGGAGCGAGACCACGCTGATATTGGTACATCGCTC
5,core_20-23,GCGAAGACATGGAGAGGTCTCTAAAAGCGCAACCAAGTATTCCGGTCTCTCAAGGGAGCGAGACCACGCTCCGTCTTCGTCGGCGATGTCCTACATGAGGAGAGGTCTCTAAAAACGTTGTCGATAATTCCGGTCTCTGTGGGGAGCGAGACCACGCTCGGGGTCTGACATCGCCAATGAAGACCCGGAGAGGTCTCTAAAATAATGGCTAAGTATTCCGGTCTCTTTTCGGAGCGAGACCACGCTGAGTCTTCCATAGCGATGACCTTGACCAGGAGAGGTCTCGAAAAAACTGCAATTTGATTCCGGTCTCTTACGGGAGCGAGACCACGCTTCTGAGAGCACATCGCTT
6,core_24-27,GCGAAGACCGGGAGAGGTCTCAAAAAATCATGCAAGTGATTCCGGTCTCTTTTTGGAGCGAGACCACGCTAAGTCTTCATCGGCGATGACTTCTGTCAGGAGAGGTCTCTAAAACGGCTGGCGTTTATTCCGGTCTCTCTCCGGAGCGAGACCACGCTACTACGCTAACATCGCGCATGAAGACGGGGAGAGGTCTCAAAAATCAGTGCGCGGTATTCCGGTCTCTAGTAGGAGCGAGACCACGCTGCGTCTTCAGTAGCGATGTGGAGTTAAAGGAGAGGTCTCCAAAACGTTGAATGCGCATTCCGGTCTCTCATTGGAGCGAGACCACGCTGTTATCGCCACATCGCGG
7,core_28-31,GCGAAGACCAGGAGAGGTCTCCAAAATTGGTGAAGGTAATTCCGGTCTCTAAGCGGAGCGAGACCACGCTGGGTCTTCAGCGGCGATGCTTCCGTCGAGGAGAGGTCTCAAAAATAAAGCACGTGCATTCCGGTCTCTAGCGGGAGCGAGACCACGCTTAACGACTGACATCGCTGATGAAGACGGGGAGAGGTCTCTAAAACCACCAAACGGCATTCCGGTCTCTCTATGGAGCGAGACCACGCTATGTCTTCCCTAGCGATGCGCTATGCGAGGAGAGGTCTCAAAAACAATAAGTCGTAATTCCGGTCTCTTCATAGGAGCGAGACCACGCTTAGGGCCAAACATCGCAA
8,core_32-35,GCGAAGACGTGGAGAGGTCTCGAAAACATGTAAACCCCATTCCGGTCTCTGTCTGGAGCGAGACCACGCTTAGTCTTCTTCGGCGATGTCATCCGATAGGAGAGGTCTCTAAAACTGGGTTAAAGCATTCCGGTCTCTACCTGGAGCGAGACCACGCTCCACTTGCTACATCGCACATGAAGACGTGGAGAGGTCTCGAAAACTTCCCTCACGGATTCCGGTCTCTTTGTGGAGCGAGACCACGCTGTGTCTTCTGTAGCGATGCACGTCATCAGGAGAGGTCTCCAAAAGTAAAATTCTTAATTCCGGTCTCTGAGTGGAGCGAGACCACGCTGTTTGTGCTACATCGCAT
9,core_36-39,GCGAAGACAAGGAGAGGTCTCCAAAAACGAGAAGCCCAATTCCGGTCTCTGTTAGGAGCGAGACCACGCTCCGTCTTCATCGGCGATGAATTTCTCCAGGAGAGGTCTCCAAAACGCTCAGAGGAAATTCCGGTCTCTTCTAGGAGCGAGACCACGCTTATCATCTGACATCGCCAATGAAGACCTGGAGAGGTCTCGAAAAAAATATTAAAACATTCCGGTCTCTTGAAGGAGCGAGACCACGCTTAGTCTTCAGTAGCGATGGGTCGGTCGAGGAGAGGTCTCGAAAAGGTATGAGAACAATTCCGGTCTCTCACAGGAGCGAGACCACGCTGTCGACCGAACATCGCAC
10,core_40-43,GCGAAGACTAGGAGAGGTCTCTAAAATTCCTATCCCACATTCCGGTCTCTCCGAGGAGCGAGACCACGCTTGGTCTTCGGCGGCGATGGAACCACGAAGGAGAGGTCTCCAAAAGAGAATTGCGTAATTCCGGTCTCTGGGAGGAGCGAGACCACGCTTTTGGGTCGACATCGCCTATGAAGACAGGGAGAGGTCTCTAAAACACGCGAGTTAGATTCCGGTCTCTGGTCGGAGCGAGACCACGCTCGGTCTTCCCTAGCGATGGGAGCGGAAAGGAGAGGTCTCGAAAATTTCTGGTGATTATTCCGGTCTCTCGGCGGAGCGAGACCACGCTAGTGCGACCACATCGCGC
11,core_44-47,GCGAAGACCTGGAGAGGTCTCCAAAAAAGATGTGTACTATTCCGGTCTCTCTTGGGAGCGAGACCACGCTACGTCTTCTTCGGCGATGGTAAGGTGTAGGAGAGGTCTCTAAAAGCCCAGATGTGGATTCCGGTCTCTCCACGGAGCGAGACCACGCTAATCTGGGAACATCGCCCATGAAGACAAGGAGAGGTCTCCAAAAAATAGCTGAGGGATTCCGGTCTCTGAAAGGAGCGAGACCACGCTGTGTCTTCTTTAGCGATGGTCCCAGTAAGGAGAGGTCTCTAAAACAGATCGCAGACATTCCGGTCTCTCGTAGGAGCGAGACCACGCTACTGAGCTCACATCGCCC
12,core_48-51,GCGAAGACAGGGAGAGGTCTCTAAAAGTCCCATCCACAATTCCGGTCTCTAAAATACTCGAGACCACGCTACGTCTTCGACGGCGATGGCTGATCCAAGGAGAGGTCTCGAAAAGGAAATGTTCGCATTCCGGTCTCTGGAGTACTCGAGACCACGCTGATATAAGAACATCGCGAATGAAGACGTGGAGAGGTCTCGAAAACGAGCGCCGTAGATTCCGGTCTCTTACTTACTCGAGACCACGCTAAGTCTTCGATAGCGATGTGAGGATGTAGGAGAGGTCTCGAAAAGATTTGCGCCAGATTCCGGTCTCTAATGTACTCGAGACCACGCTAGGGCTTCAACATCGCAA
13,core_52-55,GCGAAGACCAGGAGAGGTCTCAAAAACGAGCTCCTGCCATTCCGGTCTCTGCTTTACTCGAGACCACGCTTAGTCTTCTACGGCGATGAAAAGGCATAGGAGAGGTCTCCAAAACTAACTTTGTATATTCCGGTCTCTCGCTTACTCGAGACCACGCTGGGTGAACCACATCGCTAATGAAGACTGGGAGAGGTCTCTAAAATTGATGAATCTAATTCCGGTCTCTATAGTACTCGAGACCACGCTCAGTCTTCATTAGCGATGTACTTGGGTAGGAGAGGTCTCAAAAATGAGTGCAACTTATTCCGGTCTCTATGAATACTCGAGACCACGCTAGGCAATACACATCGCAT
14,core_56-59,GCGAAGACTGGGAGAGGTCTCAAAAAGCGACGTCCGCGATTCCGGTCTCTAGACTACTCGAGACCACGCTTGGTCTTCGCCGGCGATGAACTTGAACAGGAGAGGTCTCAAAAATCAAGTGTTAATATTCCGGTCTCTAGGTTACTCGAGACCACGCTGTTTCATTCACATCGCTTATGAAGACGAGGAGAGGTCTCGAAAAATACGAGCGACTATTCCGGTCTCTACAATACTCGAGACCACGCTTCGTCTTCATTAGCGATGGCTTAATGGAGGAGAGGTCTCCAAAAATTCAGACTCGTATTCCGGTCTCTACTCTACTCGAGACCACGCTTCGCACCAAACATCGCTG
15,core_60-63,GCGAAGACGAGGAGAGGTCTCGAAAAGCCAAGGGCTGTATTCCGGTCTCTTAACTACTCGAGACCACGCTTGGTCTTCGTCGGCGATGTGGGTACCCAGGAGAGGTCTCCAAAATCCGTTTCACGAATTCCGGTCTCTTAGATACTCGAGACCACGCTAGTACGTAGACATCGCACATGAAGACGAGGAGAGGTCTCGAAAAGATATTCCTTGAATTCCGGTCTCTTTCATACTCGAGACCACGCTGTGTCTTCAATAGCGATGTATACAGTGAGGAGAGGTCTCTAAAAGTAGGCTCGTGTATTCCGGTCTCTTGTGTACTCGAGACCACGCTAATTTTTATACATCGCGG
16,core_64-67,GCGAAGACCGGGAGAGGTCTCAAAAATTGCATCCTTACATTCCGGTCTCTTCGGTACTCGAGACCACGCTGTGTCTTCCGCGGCGATGGCCACCCGGAGGAGAGGTCTCTAAAATAGGTCATGCCAATTCCGGTCTCTTCCCTACTCGAGACCACGCTAAGGATCCCACATCGCAAATGAAGACCTGGAGAGGTCTCTAAAATAGATTTCCTATATTCCGGTCTCTGACCTACTCGAGACCACGCTGAGTCTTCAGTAGCGATGGCGTGCGCTAGGAGAGGTCTCCAAAATTCTGAATCGGTATTCCGGTCTCTGCCGTACTCGAGACCACGCTTTCAATGCTACATCGCCC
17,core_68-71,GCGAAGACGCGGAGAGGTCTCAAAAAAGTGCCGTGTTTATTCCGGTCTCTCAAGTACTCGAGACCACGCTTAGTCTTCGCCGGCGATGCTGAGATCCAGGAGAGGTCTCGAAAAGAAAGTGATTGAATTCCGGTCTCTGTGGTACTCGAGACCACGCTGCACCCTCTACATCGCGAATGAAGACTTGGAGAGGTCTCTAAAAGGGGCTCCAGCGATTCCGGTCTCTTTTCTACTCGAGACCACGCTCTGTCTTCGTTAGCGATGCCTCGTGGGAGGAGAGGTCTCCAAAACGAGAAGCACCCATTCCGGTCTCTTACGTACTCGAGACCACGCTGCCCCAGGCACATCGCCT
18,core_72-75,GCGAAGACCGGGAGAGGTCTCCAAAACGCACTCAGCCTATTCCGGTCTCTTTTTTACTCGAGACCACGCTCAGTCTTCTTCGGCGATGTTGATCTACAGGAGAGGTCTCGAAAATGTTTCAACGATATTCCGGTCTCTCTCCTACTCGAGACCACGCTCCCGTAGTCACATCGCCGATGAAGACAAGGAGAGGTCTCCAAAAATACCCTTACCCATTCCGGTCTCTAGTATACTCGAGACCACGCTAGGTCTTCAGTAGCGATGGGGCAGGGAAGGAGAGGTCTCAAAAATCGTCGAAAGCAATTCCGGTCTCTCATTTACTCGAGACCACGCTTAATGAACGACATCGCCA
19,core_76-79,GCGAAGACTCGGAGAGGTCTCTAAAAGAGCTAATCTTGATTCCGGTCTCTAAGCTACTCGAGACCACGCTGCGTCTTCGACGGCGATGGCCTTTAACAGGAGAGGTCTCAAAAAAAGGTTATTAACATTCCGGTCTCTAGCGTACTCGAGACCACGCTTTGTGTATCACATCGCATATGAAGACGAGGAGAGGTCTCTAAAATAGAATAGTCCCATTCCGGTCTCTCTATTACTCGAGACCACGCTGCGTCTTCTCTAGCGATGAACCAAATGAGGAGAGGTCTCGAAAACGTATACTACTCATTCCGGTCTCTTCATATACTCGAGACCACGCTGCGCTCTAAACATCGCCG
20,core_80-83,GCGAAGACACGGAGAGGTCTCCAAAACACCATCCGGGAATTCCGGTCTCTGTCTTACTCGAGACCACGCTCTGTCTTCACCGGCGATGGATCAGACTAGGAGAGGTCTCCAAAAAACCTCAGCAACATTCCGGTCTCTACCTTACTCGAGACCACGCTTTAACGATAACATCGCTAATGAAGACTGGGAGAGGTCTCCAAAAATCCCATTAAATATTCCGGTCTCTTTGTTACTCGAGACCACGCTATGTCTTCAGTAGCGATGTGCCGCCGCAGGAGAGGTCTCTAAAAGGCTGTAAAGTCATTCCGGTCTCTGAGTTACTCGAGACCACGCTTCCCTGCCTACATCGCTG
21,core_84-87,GCGAAGACGGGGAGAGGTCTCCAAAACGGTCTAAGCATATTCCGGTCTCTGTTATACTCGAGACCACGCTCGGTCTTCGCCGGCGATGTTCTTGTACAGGAGAGGTCTCTAAAAACCTCGAGTGTTATTCCGGTCTCTTCTATACTCGAGACCACGCTAGGTCTTTCACATCGCGGATGAAGACCGGGAGAGGTCTCTAAAAAACTATGAGGGGATTCCGGTCTCTTGAATACTCGAGACCACGCTTCGTCTTCTGTAGCGATGGCTGTTACTAGGAGAGGTCTCTAAAACGCGTCGACACCATTCCGGTCTCTCACATACTCGAGACCACGCTTGAGGCACCACATCGCTA
22,core_88-91,GCGAAGACTAGGAGAGGTCTCTAAAACTCTATTTACCCATTCCGGTCTCTCCGATACTCGAGACCACGCTTGGTCTTCGCCGGCGATGAAGTGGTTTAGGAGAGGTCTCCAAAATGGACTTGGTTGATTCCGGTCTCTGGGATACTCGAGACCACGCTGATGATTATACATCGCTAATGAAGACATGGAGAGGTCTCGAAAACAAAAGAAGCGTATTCCGGTCTCTGGTCTACTCGAGACCACGCTACGTCTTCGTTAGCGATGTACCACGGGAGGAGAGGTCTCAAAAACCCTCGCGGCGTATTCCGGTCTCTCGGCTACTCGAGACCACGCTCGAAGAATCACATCGCAA
23,core_92-95,GCGAAGACGTGGAGAGGTCTCAAAAAGCTCCTGTAGCGATTCCGGTCTCTCTTGTACTCGAGACCACGCTCCGTCTTCATCGGCGATGCACTTCACGAGGAGAGGTCTCCAAAAGCTAGACGCCTTATTCCGGTCTCTCCACTACTCGAGACCACGCTGACGAGCAAACATCGCGGATGAAGACGGGGAGAGGTCTCAAAAATCAGTTGCGGGAATTCCGGTCTCTGAAATACTCGAGACCACGCTCTGTCTTCTGTAGCGATGCATACGGGAAGGAGAGGTCTCGAAAAGAACCCTGCGACATTCCGGTCTCTCGTATACTCGAGACCACGCTTCTATTGAGACATCGCCT
24,core_96-99,GCGAAGACTGGGAGAGGTCTCCCGCTAAAAAGAGACCGGAATGCAGAGCCAGACATAGCGAGACCACGCTGTGTCTTCTCCGGCGATGCGTAGTCAAAGGAGAGGTCTCACGCTGGAGAGAGACCGGAATGTCCCGGCCAGGATAGCGAGACCACGCTTTCTGCTGAACATCGCATATGAAGACAAGGAGAGGTCTCCCGCTTACTAGAGACCGGAATAATGGGTCACTTATAGCGAGACCACGCTAAGTCTTCGATAGCGATGGATCACGCCAGGAGAGGTCTCTCGCTAATGAGAGACCGGAATGATAACCGTCCCATAGCGAGACCACGCTTCTCTTACAACATCGCAT
25,core_100-103,GCGAAGACAAGGAGAGGTCTCCCGCTGCTTAGAGACCGGAATCGCGATATTGCTATAGCGAGACCACGCTGCGTCTTCGGCGGCGATGTATGCTCCTAGGAGAGGTCTCACGCTCGCTAGAGACCGGAATGTTAGTCCTCCTATAGCGAGACCACGCTCTTTTCACGACATCGCTAATGAAGACCCGGAGAGGTCTCCCGCTATAGAGAGACCGGAATCTGACAGAGTTGATAGCGAGACCACGCTCGGTCTTCGTTAGCGATGCAAAGGCAGAGGAGAGGTCTCGCGCTATGAAAGAGACCGGAATTTATACTTTCTTATAGCGAGACCACGCTTCCCCTATCACATCGCGC
26,core_104-107,GCGAAGACATGGAGAGGTCTCGCGCTAGACAGAGACCGGAATCTCGCCAATGAGATAGCGAGACCACGCTCCGTCTTCGGCGGCGATGTTTGCGTCCAGGAGAGGTCTCGCGCTAGGTAGAGACCGGAATCTTCACGGGGTCATAGCGAGACCACGCTGTGTCATATACATCGCCCATGAAGACAAGGAGAGGTCTCTCGCTACAAAGAGACCGGAATGAGTTTCTCAATATAGCGAGACCACGCTGGGTCTTCAATAGCGATGCCACCGATCAGGAGAGGTCTCCCGCTACTCAGAGACCGGAATAATAGGTCATAGATAGCGAGACCACGCTGGTTGAATGACATCGCTT
27,core_108-111,GCGAAGACCCGGAGAGGTCTCTCGCTTAACAGAGACCGGAATCGTTATCTGCGCATAGCGAGACCACGCTCAGTCTTCGTCGGCGATGAATGGTCTAAGGAGAGGTCTCACGCTTAGAAGAGACCGGAATAGCATTTGGCAAATAGCGAGACCACGCTCGTCGTCTAACATCGCCAATGAAGACTCGGAGAGGTCTCGCGCTTTCAAGAGACCGGAATTAGGGCATGCCTATAGCGAGACCACGCTCCGTCTTCGCTAGCGATGCTGTGTCGTAGGAGAGGTCTCCCGCTTGTGAGAGACCGGAATGGAGGATGAGAAATAGCGAGACCACGCTTTTTCGGGAACATCGCCT
28,core_112-115,GCGAAGACAGGGAGAGGTCTCTCGCTTCGGAGAGACCGGAATCGTATGAGTCAGATAGCGAGACCACGCTCGGTCTTCGTCGGCGATGCCTTGCATCAGGAGAGGTCTCGCGCTTCCCAGAGACCGGAATATCGCCTAACTAATAGCGAGACCACGCTACACAAATTACATCGCATATGAAGACAAGGAGAGGTCTCACGCTGACCAGAGACCGGAATGAGGTTGGCCACATAGCGAGACCACGCTGGGTCTTCTATAGCGATGGCACCCCATAGGAGAGGTCTCGCGCTGCCGAGAGACCGGAATGCTTATTGACATATAGCGAGACCACGCTCTGTGGACGACATCGCCC
29,core_116-119,GCGAAGACGGGGAGAGGTCTCTCGCTCAAGAGAGACCGGAATAAGAAAAGGCATATAGCGAGACCACGCTCGGTCTTCGGCGGCGATGTCAGACGTTAGGAGAGGTCTCGCGCTGTGGAGAGACCGGAATGAACGCGTGGTGATAGCGAGACCACGCTACGGTACGAACATCGCCCATGAAGACAGGGAGAGGTCTCTCGCTTTTCAGAGACCGGAATCCCACCTCGCTGATAGCGAGACCACGCTTTGTCTTCTTTAGCGATGCGAGGTCAGAGGAGAGGTCTCACGCTTACGAGAGACCGGAATGACACTAAGTTCATAGCGAGACCACGCTAAAGTCTACACATCGCGC
30,core_120-123,GCGAAGACTAGGAGAGGTCTCACGCTTTTTAGAGACCGGAATTGCTACAGCGAAATAGCGAGACCACGCTTAGTCTTCTTCGGCGATGGTAATGTAAAGGAGAGGTCTCGCGCTCTCCAGAGACCGGAATCAGTGCAAACTAATAGCGAGACCACGCTCGACTCTGGACATCGCACATGAAGACCTGGAGAGGTCTCTCGCTAGTAAGAGACCGGAATTCGGTTAGGAGAATAGCGAGACCACGCTGTGTCTTCATTAGCGATGGTCAGAGTTAGGAGAGGTCTCGCGCTCATTAGAGACCGGAATGATCATTCATCTATAGCGAGACCACGCTGTGGTTTCCACATCGCTG
31,core_124-127,GCGAAGACTGGGAGAGGTCTCGCGCTAAGCAGAGACCGGAATTCCCCAACGTGGATAGCGAGACCACGCTCAGTCTTCTGCGGCGATGATTACATGGAGGAGAGGTCTCACGCTAGCGAGAGACCGGAATACTGGAACGAACATAGCGAGACCACGCTCGTAACGAGACATCGCAGATGAAGACACGGAGAGGTCTCGCGCTCTATAGAGACCGGAATTTACATAGCACCATAGCGAGACCACGCTTCGTCTTCAATAGCGATGCCGCGTGGTAGGAGAGGTCTCCCGCTTCATAAGAGACCGGAATACATGCGGTTGGATAGCGAGACCACGCTAGCGTTTCTACATCGCGC
32,core_128-131,GCGAAGACTAGGAGAGGTCTCACGCTGTCTAGAGACCGGAATGTGTCCCCAGTTATAGCGAGACCACGCTTCGTCTTCGGCGGCGATGGCAAATTCAAGGAGAGGTCTCTCGCTACCTAGAGACCGGAATCCTTGTTTCTTAATAGCGAGACCACGCTCATCTGCCTACATCGCCAATGAAGACACGGAGAGGTCTCGCGCTTTGTAGAGACCGGAATACTCCATTTTGCATAGCGAGACCACGCTTGGTCTTCTGTAGCGATGACGACTCGAAGGAGAGGTCTCCCGCTGAGTAGAGACCGGAATCACCAAGCACCCATAGCGAGACCACGCTACTATGCCGACATCGCTG
33,core_132-135,GCGAAGACCAGGAGAGGTCTCCCGCTGTTAAGAGACCGGAATTGATTACCGTTCATAGCGAGACCACGCTGTGTCTTCCCCGGCGATGGACAAGCAAAGGAGAGGTCTCACGCTTCTAAGAGACCGGAATGGAAATGGCCGTATAGCGAGACCACGCTTTTGAGTAAACATCGCGAATGAAGACGGGGAGAGGTCTCGCGCTTGAAAGAGACCGGAATGTGCCTCAGAATATAGCGAGACCACGCTGCGTCTTCGGTAGCGATGAAGAGGGGCAGGAGAGGTCTCTCGCTCACAAGAGACCGGAATTTGACTCCGGGCATAGCGAGACCACGCTAGGCATGGGACATCGCAA
34,core_136-139,GCGAAGACGTGGAGAGGTCTCCCGCTCCGAAGAGACCGGAATTGATATACCGATATAGCGAGACCACGCTAAGTCTTCCACGGCGATGTCCCGTTGCAGGAGAGGTCTCACGCTGGGAAGAGACCGGAATCCAGGAATTAGTATAGCGAGACCACGCTGAGAGAAGGACATCGCCTATGAAGACCCGGAGAGGTCTCTCGCTGGTCAGAGACCGGAATCCCCTGTTTGACATAGCGAGACCACGCTAAGTCTTCACTAGCGATGGTATGGACGAGGAGAGGTCTCACGCTCGGCAGAGACCGGAATACAAGGCCAAGAATAGCGAGACCACGCTCAAGGTGACACATCGCAG
35,core_140-143,GCGAAGACCGGGAGAGGTCTCGCGCTCTTGAGAGACCGGAATCCCCTAGTGGCCATAGCGAGACCACGCTACGTCTTCCCCGGCGATGCGCAGCCGTAGGAGAGGTCTCGCGCTCCACAGAGACCGGAATTGTATGGCAACTATAGCGAGACCACGCTCACTACGCAACATCGCATATGAAGACTTGGAGAGGTCTCGCGCTGAAAAGAGACCGGAATCAGCTTGACGCAATAGCGAGACCACGCTACGTCTTCGATAGCGATGTGGCCGCGAAGGAGAGGTCTCGCGCTCGTAAGAGACCGGAATCTTTAGTTGACCATAGCGAGACCACGCTCTATGCGCAACATCGCAG
36,core_144-147,GCGAAGACACGGAGAGGTCTCGGCTTAAAAAGAGACCGGAATTTCGCCTTTAAGATAGCGAGACCACGCTCAGTCTTCCTCGGCGATGAGTATACCAAGGAGAGGTCTCGGCTTGGAGAGAGACCGGAATCACCAGGATATGATAGCGAGACCACGCTCTTGAACGCACATCGCGGATGAAGACTCGGAGAGGTCTCCGCTTTACTAGAGACCGGAATCTCCGAATGTCGATAGCGAGACCACGCTTGGTCTTCGGTAGCGATGTACAACCATAGGAGAGGTCTCGGCTTAATGAGAGACCGGAATTTTGAATGGGATATAGCGAGACCACGCTTCCTCCAGTACATCGCAA
37,core_148-151,GCGAAGACATGGAGAGGTCTCCGCTTGCTTAGAGACCGGAATGCTCTGTATGTCATAGCGAGACCACGCTGAGTCTTCGCCGGCGATGGGGCTCAGGAGGAGAGGTCTCAGCTTCGCTAGAGACCGGAATCTGTATAAGCTGATAGCGAGACCACGCTCCTGCATATACATCGCATATGAAGACTCGGAGAGGTCTCCGCTTATAGAGAGACCGGAATGTGGACTATTCAATAGCGAGACCACGCTAGGTCTTCGATAGCGATGTAGACTCTTAGGAGAGGTCTCCGCTTATGAAAGAGACCGGAATGTCTCCTGGGTTATAGCGAGACCACGCTCCTCTGGGCACATCGCGG
38,core_152-155,GCGAAGACTTGGAGAGGTCTCTGCTTAGACAGAGACCGGAATGCCCTCAGAATTATAGCGAGACCACGCTTCGTCTTCTTCGGCGATGAGGTGACTAAGGAGAGGTCTCTGCTTAGGTAGAGACCGGAATTGTGCGTTCTGTATAGCGAGACCACGCTCATTATTCAACATCGCTTATGAAGACTCGGAGAGGTCTCCGCTTACAAAGAGACCGGAATTATAGTATTGGAATAGCGAGACCACGCTTTGTCTTCATTAGCGATGCTCTCACCGAGGAGAGGTCTCAGCTTACTCAGAGACCGGAATCTGCGTACGCCTATAGCGAGACCACGCTTATATAAGTACATCGCTT
39,core_156-159,GCGAAGACCCGGAGAGGTCTCCGCTTTAACAGAGACCGGAATCAGTCTGGTACTATAGCGAGACCACGCTGAGTCTTCCACGGCGATGGCGGTTAGTAGGAGAGGTCTCAGCTTTAGAAGAGACCGGAATGTGCTAATGGCAATAGCGAGACCACGCTTTTTTACGCACATCGCGGATGAAGACTCGGAGAGGTCTCCGCTTTTCAAGAGACCGGAATAGCTACAGGACGATAGCGAGACCACGCTCGGTCTTCCTTAGCGATGCGTAACCCAAGGAGAGGTCTCAGCTTTGTGAGAGACCGGAATTGTCACATCTACATAGCGAGACCACGCTCTCTTTTCTACATCGCTC
40,core_160-163,GCGAAGACAAGGAGAGGTCTCCGCTTTCGGAGAGACCGGAATGTACTGGCTCCCATAGCGAGACCACGCTTCGTCTTCACCGGCGATGAAAATGTCCAGGAGAGGTCTCCGCTTTCCCAGAGACCGGAATCACTCTTGATTAATAGCGAGACCACGCTCTAAGATGCACATCGCTGATGAAGACTCGGAGAGGTCTCGGCTTGACCAGAGACCGGAATCGGAGCAAGTGAATAGCGAGACCACGCTCCGTCTTCCCTAGCGATGGCCTCTGGAAGGAGAGGTCTCTGCTTGCCGAGAGACCGGAATTGGGGATTCCCTATAGCGAGACCACGCTTTCACGTACACATCGCTG
41,core_164-167,GCGAAGACTAGGAGAGGTCTCGGCTTCAAGAGAGACCGGAATATGTGGGTTGACATAGCGAGACCACGCTGGGTCTTCGCCGGCGATGTCCTGACCCAGGAGAGGTCTCCGCTTGTGGAGAGACCGGAATTCCGTGGCCGCAATAGCGAGACCACGCTAAGCAGATTACATCGCTAATGAAGACGCGGAGAGGTCTCGGCTTTTTCAGAGACCGGAATGCAACCGAATGAATAGCGAGACCACGCTTTGTCTTCAGTAGCGATGCAAGCCTCTAGGAGAGGTCTCTGCTTTACGAGAGACCGGAATGTTAAAGGAGGGATAGCGAGACCACGCTTCTAATTAGACATCGCGT
42,core_168-171,GCGAAGACAGGGAGAGGTCTCAGCTTTTTTAGAGACCGGAATTGTCAATCACTGATAGCGAGACCACGCTTTGTCTTCCACGGCGATGATACTGAATAGGAGAGGTCTCGGCTTCTCCAGAGACCGGAATCCCGATTTGACAATAGCGAGACCACGCTATCCGATGTACATCGCGAATGAAGACTGGGAGAGGTCTCTGCTTAGTAAGAGACCGGAATAGAGTTCCTGGCATAGCGAGACCACGCTAGGTCTTCAATAGCGATGCGCTGAATAAGGAGAGGTCTCAGCTTCATTAGAGACCGGAATGTGTGGAAGGCTATAGCGAGACCACGCTACCAATATGACATCGCTG
43,core_172-175,GCGAAGACGAGGAGAGGTCTCAGCTTAAGCAGAGACCGGAATCCCATCAACTCAATAGCGAGACCACGCTCAGTCTTCTCCGGCGATGACGACCGGGAGGAGAGGTCTCAGCTTAGCGAGAGACCGGAATTCGTGGTCCCGGATAGCGAGACCACGCTTAAAACTCAACATCGCTAATGAAGACACGGAGAGGTCTCCGCTTCTATAGAGACCGGAATTGCAGTAAACGCATAGCGAGACCACGCTGAGTCTTCGGTAGCGATGTTTACCCTTAGGAGAGGTCTCTGCTTTCATAAGAGACCGGAATAGCCTACCGAGTATAGCGAGACCACGCTATGGTTGCCACATCGCTC
44,core_176-179,GCGAAGACAAGGAGAGGTCTCTGCTTGTCTAGAGACCGGAATTGAGATAAACCGATAGCGAGACCACGCTTGGTCTTCTTCGGCGATGGCGCTTGTAAGGAGAGGTCTCAGCTTACCTAGAGACCGGAATCCGCTATCACGTATAGCGAGACCACGCTATCTATCTGACATCGCTCATGAAGACCCGGAGAGGTCTCTGCTTTTGTAGAGACCGGAATAGGCATTCGATGATAGCGAGACCACGCTGAGTCTTCTTTAGCGATGTACTATTGGAGGAGAGGTCTCTGCTTGAGTAGAGACCGGAATCTATCCGGAGTCATAGCGAGACCACGCTGACATAGAGACATCGCCT
45,core_180-183,GCGAAGACAGGGAGAGGTCTCCGCTTGTTAAGAGACCGGAATCTTGCTTTTATTATAGCGAGACCACGCTTGGTCTTCCCCGGCGATGACCTTAGAGAGGAGAGGTCTCTGCTTTCTAAGAGACCGGAATACTACCGGGCTAATAGCGAGACCACGCTAGTAGCGGCACATCGCATATGAAGACTTGGAGAGGTCTCCGCTTTGAAAGAGACCGGAATATATATACGTAGATAGCGAGACCACGCTGCGTCTTCTATAGCGATGTTCTGTTGGAGGAGAGGTCTCTGCTTCACAAGAGACCGGAATGAAGGACAAGACATAGCGAGACCACGCTCATGTTACCACATCGCCC
46,core_184-187,GCGAAGACCAGGAGAGGTCTCTGCTTCCGAAGAGACCGGAATAGCCCCTACTGGATAGCGAGACCACGCTGGGTCTTCACCGGCGATGTAGGATGGTAGGAGAGGTCTCGGCTTGGGAAGAGACCGGAATCAAGTGCGATTGATAGCGAGACCACGCTTAGGGCGCAACATCGCTCATGAAGACGCGGAGAGGTCTCAGCTTGGTCAGAGACCGGAATCGAGCATAAGTCATAGCGAGACCACGCTTCGTCTTCGCTAGCGATGACGCTTCTCAGGAGAGGTCTCTGCTTCGGCAGAGACCGGAATGCCTAAGCCTGTATAGCGAGACCACGCTGCGCAGTCGACATCGCCG
47,core_188-191,GCGAAGACAAGGAGAGGTCTCAGCTTCTTGAGAGACCGGAATGGCCCTACCCTCATAGCGAGACCACGCTCCGTCTTCGGCGGCGATGTTTTTTATGAGGAGAGGTCTCAGCTTCCACAGAGACCGGAATGCGCGTTTACACATAGCGAGACCACGCTTTATGTATTACATCGCGGATGAAGACAGGGAGAGGTCTCCGCTTGAAAAGAGACCGGAATAAACCAGTAATCATAGCGAGACCACGCTTGGTCTTCTATAGCGATGTTGGTCATTAGGAGAGGTCTCCGCTTCGTAAGAGACCGGAATACGCTTCACCCCATAGCGAGACCACGCTCGGTCACTAACATCGCGT
