Name, Sequence
standardFor_0,AAAACCAAAATATAAAATAGAAAATACAAAATTTAAAATTATGGGCATTGTGGAGGTAAGC
standardFor_1,ATTGAAGATTCAAGATGTAAGATGGAAGATGCAAGATCTAATGGGCATTGTGGAGGTAAGC
standardFor_2,GATCTAAGATCGAAGATCCAAGAGATAAGAGAGAAGAGACATGGGCATTGTGGAGGTAAGC
standardFor_3,AGAGACAAGAGTTAAGAGTGAAGAGTCAAGAGGTAAGAGGATGGGCATTGTGGAGGTAAGC
standardFor_4,AAGAGGGAAGAGGCAAGAGCTAAGAGCGAAGAGCCAAGACATGGGCATTGTGGAGGTAAGC
standardFor_5,CAAGACATAAGACAGAAGACACAAGACTTAAGACTGAAGAATGGGCATTGTGGAGGTAAGC
standardFor_6,TGAAGACTCAAGACGTAAGACGGAAGACGCAAGACCTAAGATGGGCATTGTGGAGGTAAGC
standardFor_7,CCTAAGACCGAAGACCCAAGTAACAAGTATTAAGTATGAAATGGGCATTGTGGAGGTAAGC
standardFor_8,TATGAAGTATCAAGTAGTAAGTAGGAAGTAGCAAGTACTAATGGGCATTGTGGAGGTAAGC
standardFor_9,GTACTAAGTACGAAGTACCAAGTTATAAGTTAGAAGTTACATGGGCATTGTGGAGGTAAGC
standardFor_10,AGTTACAAGTTTTAAGTTTGAAGTTTCAAGTTGTAAGTTGATGGGCATTGTGGAGGTAAGC
standardFor_11,AAGTTGGAAGTTGCAAGTTCTAAGTTCGAAGTTCCAAGTGATGGGCATTGTGGAGGTAAGC
standardFor_12,CAAGTGATAAGTGAGAAGTGACAAGTGTTAAGTGTGAAGTATGGGCATTGTGGAGGTAAGC
standardFor_13,TGAAGTGTCAAGTGGTAAGTGGGAAGTGGCAAGTGCTAAGATGGGCATTGTGGAGGTAAGC
standardFor_14,GCTAAGTGCGAAGTGCCAAGTCATAAGTCAGAAGTCACAAATGGGCATTGTGGAGGTAAGC
standardFor_15,TCACAAGTCTTAAGTCTGAAGTCTCAAGTCGTAAGTCGGAATGGGCATTGTGGAGGTAAGC
standardFor_16,GTCGGAAGTCGCAAGTCCTAAGTCCGAAGTCCCAAGGAACATGGGCATTGTGGAGGTAAGC
standardFor_17,AGGAACAAGGATTAAGGATGAAGGATCAAGGAGTAAGGAGATGGGCATTGTGGAGGTAAGC
standardFor_18,AAGGAGGAAGGAGCAAGGACTAAGGACGAAGGACCAAGGTATGGGCATTGTGGAGGTAAGC
standardFor_19,CAAGGTATAAGGTAGAAGGTACAAGGTTTAAGGTTGAAGGATGGGCATTGTGGAGGTAAGC
standardFor_20,TGAAGGTTCAAGGTGTAAGGTGGAAGGTGCAAGGTCTAAGATGGGCATTGTGGAGGTAAGC
standardFor_21,TCTAAGGTCGAAGGTCCAAGGGATAAGGGAGAAGGGACAAATGGGCATTGTGGAGGTAAGC
standardFor_22,GGGGAAGGGGCAAGGGCTAAGGGCGAAGGGCCAAGGCATAATGGGCATTGTGGAGGTAAGC
standardFor_23,CGGACAACGGTTAACGGTGAACGGTCAACGGGTAACGGGGATGGGCATTGTGGAGGTAAGC
standardFor_24,ACGGGGAACGGGCAACGGCTAACGGCGAACGGCCAACGCAATGGGCATTGTGGAGGTAAGC
standardFor_25,AACGCATAACGCAGAACGCACAACGCTTAACGCTGAACGCATGGGCATTGTGGAGGTAAGC
standardFor_26,GAACGCTCAACGCGTAACGCGGAACGCGCAACGCCTAACGATGGGCATTGTGGAGGTAAGC
standardFor_27,CTAACGCCGAACGCCCAACCATTAACCATGAACCATCAACATGGGCATTGTGGAGGTAAGC
standardFor_28,ATCAACCAGTAACCAGGAACCAGCAACCACTAACCACGAAATGGGCATTGTGGAGGTAAGC
standardFor_29,CACGAACCACCAACCTATAACCTAGAACCTACAACCTTTAATGGGCATTGTGGAGGTAAGC
standardFor_30,CCTTTAACCTTGAACCTTCAACCTGTAACCTGGAACCTGCATGGGCATTGTGGAGGTAAGC
standardFor_31,ACCTGCAACCTCTAACCTCGAACCTCCAACCGATAACCGAATGGGCATTGTGGAGGTAAGC
standardFor_32,AACCGAGAACCGACAACCGTTAACCGTGAACCGTCAACCGATGGGCATTGTGGAGGTAAGC
standardFor_33,CAACCGGTAACCGGGAACCGGCAACCGCTAACCGCGAACCATGGGCATTGTGGAGGTAAGC
standardFor_34,CGAACCGCCAACCCATAACCCAGAACCCACAACCCTTAACATGGGCATTGTGGAGGTAAGC
standardFor_35,CTTAACCCTGAACCCTCAACCCGTAACCCGGAACCCGCAAATGGGCATTGTGGAGGTAAGC
standardFor_36,CCCCATATATTATATATGATATATCATATAGTATATAGGAATGGGCATTGTGGAGGTAAGC
standardFor_37,ACTCCATACGAGATACGACATACGTTATACGTGATACGTCATGGGCATTGTGGAGGTAAGC
standardFor_38,TACGTCATACGGTATACGGGATACGGCATACGCTATACGCATGGGCATTGTGGAGGTAAGC
standardFor_39,ATACGCGATACGCCATACCAGATACCACATACCTTATACCATGGGCATTGTGGAGGTAAGC
standardFor_40,TATACCTGATACCTCATACCGTATACCGGATACCGCATACATGGGCATTGTGGAGGTAAGC
standardFor_41,GCATACCCTATACCCGATACCCCATTATTTATTATTGATTATGGGCATTGTGGAGGTAAGC
standardFor_42,TTGATTATTCATTATGTATTATGGATTATGCATTATCTATATGGGCATTGTGGAGGTAAGC
standardFor_43,ATCTATTATCGATTATCCATTAGAGATTAGACATTAGTTAATGGGCATTGTGGAGGTAAGC
standardFor_44,TAGTTATTAGTGATTAGTCATTAGGTATTAGGGATTAGGCATGGGCATTGTGGAGGTAAGC
standardFor_45,TTAGGCATTAGCTATTAGCGATTAGCCATTACAGATTACAATGGGCATTGTGGAGGTAAGC
standardFor_46,ATTACACATTACTTATTACTGATTACTCATTACGTATTACATGGGCATTGTGGAGGTAAGC
standardFor_47,TATTACGGATTACGCATTACCTATTACCGATTACCCATTTATGGGCATTGTGGAGGTAAGC
standardRev_0,CCATTTATGATTTATCATTTAGTATTTAGGATTTAGCATTTCAGTAAGTTCGCTCGTCAATGAG
standardRev_1,AGCATTTACTATTTACGATTTACCATTTTAGATTTTACATTCAGTAAGTTCGCTCGTCAATGAG
standardRev_2,TTTTCATTTTGTATTTTGGATTTTGCATTTTCTATTTTCGTCAGTAAGTTCGCTCGTCAATGAG
standardRev_3,CGCCATTCCAGATTCCACATTCCTTATTCCTGATTCCTCATCAGTAAGTTCGCTCGTCAATGAG
standardRev_4,TCCTCATTCCGTATTCCGGATTCCGCATTCCCTATTCCCGTCAGTAAGTTCGCTCGTCAATGAG
standardRev_5,TTCCCGATTCCCCATGATGTATGATGGATGATGCATGATCTCAGTAAGTTCGCTCGTCAATGAG
standardRev_6,ATGATCTATGATCGATGATCCATGAGAGATGAGACATGAGTCAGTAAGTTCGCTCGTCAATGAG
standardRev_7,CATGAGTTATGAGTGATGAGTCATGAGGTATGAGGGATGATCAGTAAGTTCGCTCGTCAATGAG
standardRev_8,GGATGAGGCATGAGCTATGAGCGATGAGCCATGACAGATGTCAGTAAGTTCGCTCGTCAATGAG
standardRev_9,CAGATGACACATGACTTATGACTGATGACTCATGACGTATTCAGTAAGTTCGCTCGTCAATGAG
standardRev_10,ACGTATGACGGATGACGCATGACCTATGACCGATGACCCATCAGTAAGTTCGCTCGTCAATGAG
standardRev_11,GACCCATGTATCATGTAGTATGTAGGATGTAGCATGTACTTCAGTAAGTTCGCTCGTCAATGAG
standardRev_12,TGTACTATGTACGATGTACCATGTTAGATGTTACATGTTTTCAGTAAGTTCGCTCGTCAATGAG
standardRev_13,ATGTTTTATGTTTGATGTTTCATGTTGTATGTTGGATGTTTCAGTAAGTTCGCTCGTCAATGAG
standardRev_14,GATGTTGCATGTTCTATGTTCGATGTTCCATGTGAGATGTTCAGTAAGTTCGCTCGTCAATGAG
standardRev_15,AGATGTGACATGTGTTATGTGTGATGTGTCATGTGGTATGTCAGTAAGTTCGCTCGTCAATGAG
standardRev_16,GGTATGTGGGATGTGGCATGTGCTATGTGCGATGTGCCATTCAGTAAGTTCGCTCGTCAATGAG
standardRev_17,TGCCATGTCAGATGTCACATGTCTTATGTCTGATGTCTCATCAGTAAGTTCGCTCGTCAATGAG
standardRev_18,GTCTCATGTCGTATGTCGGATGTCGCATGTCCTATGTCCGTCAGTAAGTTCGCTCGTCAATGAG
standardRev_19,TGTCCGATGTCCCATGGATCATGGAGTATGGAGGATGGAGTCAGTAAGTTCGCTCGTCAATGAG
standardRev_20,ATGGAGCATGGACTATGGACGATGGACCATGGTAGATGGTTCAGTAAGTTCGCTCGTCAATGAG
standardRev_21,GATGGTACATGGTTTATGGTTGATGGTTCATGGTGTATGGTCAGTAAGTTCGCTCGTCAATGAG
standardRev_22,GTATGGTGGATGGTGCATGGTCTATGGTCGATGGTCCATGTCAGTAAGTTCGCTCGTCAATGAG
standardRev_23,TCCATGGGAGATGGGACATGGGTTATGGGTGATGGGTCATTCAGTAAGTTCGCTCGTCAATGAG
standardRev_24,GGGGATGGGGCATGGGCTATGGGCGATGGGCCATGGCAGATCAGTAAGTTCGCTCGTCAATGAG
standardRev_25,CACACATCACTTATCACTGATCACTCATCACGTATCACGGTCAGTAAGTTCGCTCGTCAATGAG
standardRev_26,TCACGGATCACGCATCACCTATCACCGATCACCCATCTAGTCAGTAAGTTCGCTCGTCAATGAG
standardRev_27,ATCTAGTATCTAGGATCTAGCATCTACTATCTACGATCTATCAGTAAGTTCGCTCGTCAATGAG
standardRev_28,GATCTACCATCTTAGATCTTACATCTTTTATCTTTGATCTTCAGTAAGTTCGCTCGTCAATGAG
standardRev_29,TGATCTTTCATCTTGTATCTTGGATCTTGCATCTTCTATCTCAGTAAGTTCGCTCGTCAATGAG
standardRev_30,TCTATCTTCGATCTTCCATCTGAGATCTGACATCTGTTATTCAGTAAGTTCGCTCGTCAATGAG
standardRev_31,TGTTATCTGTGATCTGTCATCTGGTATCTGGGATCTGGCATCAGTAAGTTCGCTCGTCAATGAG
standardRev_32,CTGGCATCTGCTATCTGCGATCTGCCATCTCAGATCTCACTCAGTAAGTTCGCTCGTCAATGAG
standardRev_33,TCTCACATCTCTTATCTCTGATCTCTCATCTCGTATCTCGTCAGTAAGTTCGCTCGTCAATGAG
standardRev_34,ATCTCGGATCTCGCATCTCCTATCTCCGATCTCCCATCGATCAGTAAGTTCGCTCGTCAATGAG
standardRev_35,CATCGAGTATCGAGGATCGAGCATCGACTATCGACGATCGTCAGTAAGTTCGCTCGTCAATGAG
standardRev_36,CGATCGACCATCGTAGATCGTACATCGTTTATCGTTGATCTCAGTAAGTTCGCTCGTCAATGAG
standardRev_37,TTGATCGTTCATCGTGTATCGTGGATCGTGCATCGTCTATTCAGTAAGTTCGCTCGTCAATGAG
standardRev_38,GTCTATCGTCGATCGTCCATCGGAGATCGGACATCGGTTATCAGTAAGTTCGCTCGTCAATGAG
standardRev_39,CGGTTATCGGTGATCGGTCATCGGGTATCGGGGATCGGGCTCAGTAAGTTCGCTCGTCAATGAG
standardRev_40,TCGGGCATCGGCTATCGGCGATCGGCCATCGCAGATCGCATCAGTAAGTTCGCTCGTCAATGAG
standardRev_41,ATCGCACATCGCTTATCGCTGATCGCTCATCGCGTATCGCTCAGTAAGTTCGCTCGTCAATGAG
standardRev_42,TATCGCGGATCGCGCATCGCCTATCGCCGATCGCCCATCCTCAGTAAGTTCGCTCGTCAATGAG
standardRev_43,CCATCCAGTATCCAGGATCCAGCATCCACTATCCACGATCTCAGTAAGTTCGCTCGTCAATGAG
standardRev_44,ACGATCCACCATCCTAGATCCTACATCCTTTATCCTTGATTCAGTAAGTTCGCTCGTCAATGAG
standardRev_45,CTTGATCCTTCATCCTGTATCCTGGATCCTGCATCCTCTATCAGTAAGTTCGCTCGTCAATGAG
standardRev_46,CCTCTATCCTCGATCCTCCATCCGAGATCCGACATCCGTTTCAGTAAGTTCGCTCGTCAATGAG
standardRev_47,TCCGTTATCCGTGATCCGTCATCCGGTATCCGGGATCCGGTCAGTAAGTTCGCTCGTCAATGAG
oriFor_0,ATGGGCATTGTGGAGGTAAGCAAAATAAAAGAAAACAAATTGCAGAGCGAGGTATGTAGGC
oriFor_1,ATGGGCATTGTGGAGGTAAGCAAGTAAAGGAAAGCAAACTAGCAGAGCGAGGTATGTAGGC
oriFor_2,ATGGGCATTGTGGAGGTAAGCACTAAACGAAACCAATATAAGCAGAGCGAGGTATGTAGGC
oriFor_3,ATGGGCATTGTGGAGGTAAGCATAATAGAATACAATTTAATGCAGAGCGAGGTATGTAGGC
oriFor_4,ATGGGCATTGTGGAGGTAAGCTAATTGAATTCAATGTAATGGCAGAGCGAGGTATGTAGGC
oriFor_5,ATGGGCATTGTGGAGGTAAGCAATGGAATGCAATCTAATCGGCAGAGCGAGGTATGTAGGC
oriFor_6,ATGGGCATTGTGGAGGTAAGCATCGAATCCAAGATAAGAGAGCAGAGCGAGGTATGTAGGC
oriFor_7,ATGGGCATTGTGGAGGTAAGCGAGAAGACAAGTTAAGTGAAGCAGAGCGAGGTATGTAGGC
oriRev_0,TCAGTAAGTTCGCTCGTCAATGAGTGAAGTCAAGGTAAGGGAAGGAGCTATGAGAAAGCGCCAC
oriRev_1,TCAGTAAGTTCGCTCGTCAATGAGGAAGGCAAGCTAAGCGAAGCGAGCTATGAGAAAGCGCCAC
oriRev_2,TCAGTAAGTTCGCTCGTCAATGAGAAGCCAACATAACAGAACACGAGCTATGAGAAAGCGCCAC
oriRev_3,TCAGTAAGTTCGCTCGTCAATGAGACACAACTTAACTGAACTCAGAGCTATGAGAAAGCGCCAC
oriRev_4,TCAGTAAGTTCGCTCGTCAATGAGCTCAACGTAACGGAACGCAAGAGCTATGAGAAAGCGCCAC
oriRev_5,TCAGTAAGTTCGCTCGTCAATGAGGCAACCTAACCGAACCCATAGAGCTATGAGAAAGCGCCAC
oriRev_6,TCAGTAAGTTCGCTCGTCAATGAGCATATTATATGATATCATAGGAGCTATGAGAAAGCGCCAC
oriRev_7,TCAGTAAGTTCGCTCGTCAATGAGATAGTATAGGATAGCATACTGAGCTATGAGAAAGCGCCAC
